INSERT INTO branch_details 
(branch_code, branch_name, region_id, operation_start_date, is_active, max_capacity, last_renovation_date) VALUES
('BR001', 'Jakarta Pusat - Tanah Abang', 1, '2017-01-10', TRUE, 5000, '2022-03-05'),
('BR002', 'Jakarta Selatan - Blok M', 1, '2018-03-22', TRUE, 4200, '2021-11-10'),
('BR003', 'Jakarta Barat - Cengkareng', 1, '2019-06-01', TRUE, 3900, '2023-01-18'),
('BR004', 'Jakarta Utara - Kelapa Gading', 1, '2020-08-10', TRUE, 3600, '2023-04-02'),
('BR005', 'Bekasi Kota - Harapan Indah', 1, '2019-01-15', TRUE, 3100, '2022-10-25'),
('BR006', 'Depok - Margonda', 1, '2018-05-05', TRUE, 3000, '2021-09-14'),
('BR007', 'Bogor - Pajajaran', 1, '2017-09-12', TRUE, 2800, '2022-05-10'),
('BR008', 'Tangerang - Cikokol', 1, '2019-10-20', TRUE, 3200, '2023-02-07'),
('BR009', 'Bandung - Dago', 1, '2018-02-14', TRUE, 3500, '2020-07-21'),
('BR010', 'Bandung - Ujung Berung', 1, '2020-06-01', TRUE, 2700, '2021-12-12'),
('BR011', 'Semarang - Simpang Lima', 1, '2019-04-15', TRUE, 3400, '2023-03-19'),
('BR012', 'Yogyakarta - Kaliurang', 1, '2020-11-27', TRUE, 2800, '2022-08-09'),
('BR013', 'Surabaya - Darmo', 1, '2018-01-07', TRUE, 4000, '2021-04-18'),
('BR014', 'Surabaya - Rungkut', 1, '2021-02-19', TRUE, 3100, '2023-06-01'),
('BR015', 'Malang - Lowokwaru', 1, '2017-12-09', TRUE, 2950, '2022-02-27'),
('BR016', 'Medan - Petisah', 2, '2019-03-15', TRUE, 3800, '2021-10-14'),
('BR017', 'Medan - Tembung', 2, '2020-04-10', TRUE, 3000, '2022-07-01'),
('BR018', 'Palembang - Bukit Besar', 2, '2018-07-22', TRUE, 3100, '2023-01-12'),
('BR019', 'Padang - Aia Pacah', 2, '2019-09-09', TRUE, 2800, '2021-05-20'),
('BR020', 'Pekanbaru - Tampan', 2, '2020-12-02', TRUE, 3300, '2023-03-28'),
('BR021', 'Aceh - Banda Aceh', 2, '2017-08-18', TRUE, 2600, '2022-09-13'),
('BR022', 'Lampung - Rajabasa', 2, '2019-05-30', TRUE, 2700, '2021-08-05'),
('BR023', 'Batam - Nagoya', 2, '2018-11-19', TRUE, 3400, '2023-04-29'),
('BR024', 'Jambi - Kota Baru', 2, '2020-07-22', TRUE, 2500, '2022-06-17'),
('BR025', 'Bengkulu - Sawah Lebar', 2, '2018-02-25', TRUE, 2400, '2021-02-14'),
('BR026', 'Balikpapan - Gunung Bahagia', 3, '2019-03-11', TRUE, 3700, '2022-03-03'),
('BR027', 'Samarinda - Sungai Kunjang', 3, '2020-01-20', TRUE, 3200, '2023-02-01'),
('BR028', 'Pontianak - Supadio', 3, '2018-04-09', TRUE, 2900, '2021-10-09'),
('BR029', 'Banjarmasin - Kayutangi', 3, '2019-11-28', TRUE, 2600, '2023-05-16'),
('BR030', 'Tarakan - Juata Laut', 3, '2017-06-15', TRUE, 2400, '2021-07-24'),
('BR031', 'Makassar - Panakkukang', 4, '2020-05-11', TRUE, 3500, '2023-03-22'),
('BR032', 'Makassar - Pettarani', 4, '2018-09-13', TRUE, 3300, '2022-01-14'),
('BR033', 'Manado - Tikala', 4, '2019-07-16', TRUE, 2800, '2023-02-10'),
('BR034', 'Kendari - Anduonohu', 4, '2021-04-19', TRUE, 2400, '2023-04-11'),
('BR035', 'Gorontalo - Limboto', 4, '2020-10-05', TRUE, 2300, '2022-12-18'),
('BR036', 'Denpasar - Teuku Umar', 5, '2018-11-01', TRUE, 3300, '2021-06-03'),
('BR037', 'Denpasar - Sanur', 5, '2019-09-10', TRUE, 3000, '2022-09-22'),
('BR038', 'Badung - Kuta', 5, '2020-03-03', TRUE, 3400, '2023-04-13'),
('BR039', 'Badung - Jimbaran', 5, '2021-07-14', TRUE, 3100, '2023-06-22'),
('BR040', 'Mataram - Ampenan', 5, '2019-01-28', TRUE, 2700, '2021-03-10'),
('BR041', 'Kupang - Oebobo', 5, '2020-02-15', TRUE, 2600, '2022-11-29'),
('BR042', 'Singaraja - Sukasada', 5, '2018-05-21', TRUE, 2500, '2020-12-17'),
('BR043', 'Buleleng - Banyuasri', 5, '2019-12-19', TRUE, 2450, '2022-09-14'),
('BR044', 'Lombok Timur - Selong', 5, '2021-01-09', TRUE, 2800, '2023-03-06'),
('BR045', 'Lombok Barat - Gerung', 5, '2018-06-15', TRUE, 2600, '2021-11-23'),
('BR046', 'Cirebon - Kejaksan', 1, '2019-07-10', TRUE, 3000, '2022-02-16'),
('BR047', 'Tegal - Slawi', 1, '2020-09-03', TRUE, 2700, '2023-04-01'),
('BR048', 'Purwokerto - Sokaraja', 1, '2018-04-18', TRUE, 2600, '2021-01-19'),
('BR049', 'Sukabumi - Cisaat', 1, '2017-11-06', TRUE, 2400, '2020-09-14'),
('BR050', 'Karawang - Telukjambe', 1, '2020-12-28', TRUE, 2900, '2023-02-28');

INSERT INTO staff_records 
(staff_id, branch_code, join_date, role_code, base_salary, supervisor_id, resignation_date, performance_score) VALUES
('ST001', 'BR001', '2019-01-10', 'C01', 7500000, NULL, NULL, 4.6),
('ST002', 'BR001', '2020-03-12', 'C03', 4800000, 'ST001', NULL, 4.1),
('ST003', 'BR002', '2018-06-20', 'C01', 7800000, NULL, NULL, 4.8),
('ST004', 'BR002', '2021-02-18', 'C02', 5500000, 'ST003', NULL, 4.3),
('ST005', 'BR003', '2019-09-14', 'C03', 4700000, 'ST006', NULL, 4.0),
('ST006', 'BR003', '2017-11-25', 'C01', 8200000, NULL, NULL, 4.9),
('ST007', 'BR004', '2021-07-11', 'C03', 4600000, 'ST008', '2023-02-01', 4.2),
('ST008', 'BR004', '2019-12-01', 'C02', 5100000, 'ST009', NULL, 4.4),
('ST009', 'BR004', '2018-09-10', 'C01', 7800000, NULL, NULL, 4.7),
('ST010', 'BR005', '2020-08-09', 'C01', 8000000, NULL, NULL, 4.5),
('ST011', 'BR005', '2021-03-12', 'C03', 4500000, 'ST010', NULL, 4.0),
('ST012', 'BR006', '2019-04-01', 'C01', 7700000, NULL, NULL, 4.7),
('ST013', 'BR006', '2020-06-19', 'C02', 5400000, 'ST012', NULL, 4.2),
('ST014', 'BR007', '2018-03-20', 'C01', 7600000, NULL, NULL, 4.6),
('ST015', 'BR007', '2020-09-22', 'C03', 4550000, 'ST014', NULL, 3.9),
('ST016', 'BR008', '2019-11-15', 'C01', 7400000, NULL, NULL, 4.4),
('ST017', 'BR008', '2021-08-30', 'C03', 4600000, 'ST016', NULL, 4.1),
('ST018', 'BR009', '2018-05-10', 'C02', 5250000, 'ST019', NULL, 4.0),
('ST019', 'BR009', '2017-12-11', 'C01', 7900000, NULL, NULL, 4.8),
('ST020', 'BR010', '2021-06-15', 'C03', 4400000, 'ST021', NULL, 3.8),
('ST021', 'BR010', '2019-01-25', 'C02', 5300000, 'ST022', NULL, 4.3),
('ST022', 'BR010', '2017-10-14', 'C01', 7800000, NULL, NULL, 4.7),
('ST023', 'BR011', '2020-04-10', 'C03', 4550000, 'ST024', NULL, 4.1),
('ST024', 'BR011', '2018-09-19', 'C01', 7700000, NULL, NULL, 4.6),
('ST025', 'BR012', '2019-05-21', 'C01', 7600000, NULL, NULL, 4.5),
('ST026', 'BR012', '2021-03-12', 'C03', 4300000, 'ST025', NULL, 3.9),
('ST027', 'BR013', '2018-01-01', 'C01', 8000000, NULL, NULL, 4.8),
('ST028', 'BR013', '2019-10-18', 'C02', 5400000, 'ST027', NULL, 4.2),
('ST029', 'BR014', '2020-11-30', 'C03', 4500000, 'ST030', NULL, 4.0),
('ST030', 'BR014', '2018-06-03', 'C01', 7700000, NULL, NULL, 4.7),
('ST031', 'BR015', '2019-02-14', 'C02', 5100000, 'ST032', NULL, 4.1),
('ST032', 'BR015', '2017-12-12', 'C01', 7600000, NULL, NULL, 4.6),
('ST033', 'BR016', '2018-04-25', 'C01', 7800000, NULL, NULL, 4.8),
('ST034', 'BR016', '2021-02-18', 'C03', 4600000, 'ST033', NULL, 4.0),
('ST035', 'BR017', '2019-08-07', 'C01', 7500000, NULL, NULL, 4.5),
('ST036', 'BR017', '2020-10-20', 'C03', 4450000, 'ST035', NULL, 3.8),
('ST037', 'BR018', '2019-11-12', 'C01', 7700000, NULL, NULL, 4.7),
('ST038', 'BR018', '2020-07-09', 'C02', 5300000, 'ST037', NULL, 4.1),
('ST039', 'BR019', '2018-08-22', 'C01', 7400000, NULL, NULL, 4.6),
('ST040', 'BR019', '2021-04-10', 'C03', 4400000, 'ST039', NULL, 3.9),
('ST041', 'BR020', '2019-01-07', 'C01', 7850000, NULL, NULL, 4.8),
('ST042', 'BR020', '2020-06-01', 'C03', 4550000, 'ST041', NULL, 4.2),
('ST043', 'BR021', '2018-10-17', 'C01', 7500000, NULL, NULL, 4.6),
('ST044', 'BR021', '2019-12-03', 'C02', 5200000, 'ST043', NULL, 4.0),
('ST045', 'BR022', '2018-01-29', 'C01', 7600000, NULL, NULL, 4.7),
('ST046', 'BR022', '2021-07-11', 'C03', 4400000, 'ST045', NULL, 3.9),
('ST047', 'BR023', '2019-05-14', 'C01', 7900000, NULL, NULL, 4.8),
('ST048', 'BR023', '2020-03-19', 'C02', 5350000, 'ST047', NULL, 4.2),
('ST049', 'BR024', '2018-06-08', 'C01', 7650000, NULL, NULL, 4.6),
('ST050', 'BR024', '2021-09-16', 'C03', 4550000, 'ST049', NULL, 4.1);

INSERT INTO product_hierarchy 
(product_code, product_name, category_l1, category_l2, category_l3, unit_cost, unit_price, supplier_id, minimum_stock, is_perishable) VALUES
('P001', 'Beras Premium 5kg', 'Food', 'Staple', 'Rice', 52000, 68000, 'SUP01', 30, TRUE),
('P002', 'Beras Medium 5kg', 'Food', 'Staple', 'Rice', 47000, 63000, 'SUP01', 30, TRUE),
('P003', 'Minyak Goreng 1L', 'Food', 'Cooking', 'Oil', 12000, 15500, 'SUP02', 50, TRUE),
('P004', 'Gula Pasir 1kg', 'Food', 'Staple', 'Sugar', 10500, 14000, 'SUP01', 40, FALSE),
('P005', 'Tepung Terigu 1kg', 'Food', 'Staple', 'Flour', 8000, 11000, 'SUP03', 40, FALSE),
('P006', 'Susu UHT 1L', 'Food', 'Dairy', 'Milk', 9500, 12500, 'SUP04', 25, TRUE),
('P007', 'Keju Slice 10 pcs', 'Food', 'Dairy', 'Cheese', 12000, 17000, 'SUP04', 20, TRUE),
('P008', 'Yogurt 200ml', 'Food', 'Dairy', 'Yogurt', 4500, 6500, 'SUP04', 30, TRUE),
('P009', 'Telur Ayam 1 pack', 'Food', 'Fresh', 'Eggs', 21000, 26000, 'SUP05', 40, TRUE),
('P010', 'Daging Ayam 1kg', 'Food', 'Fresh', 'Chicken', 31000, 38000, 'SUP06', 25, TRUE),
('P011', 'Daging Sapi 1kg', 'Food', 'Fresh', 'Beef', 75000, 90000, 'SUP06', 20, TRUE),
('P012', 'Ikan Bandeng 1kg', 'Food', 'Fresh', 'Fish', 30000, 36000, 'SUP06', 20, TRUE),
('P013', 'Sayur Bayam 250g', 'Food', 'Fresh', 'Vegetable', 3000, 5000, 'SUP07', 20, TRUE),
('P014', 'Tomat 500g', 'Food', 'Fresh', 'Vegetable', 4000, 7000, 'SUP07', 20, TRUE),
('P015', 'Kentang 1kg', 'Food', 'Fresh', 'Root', 8000, 11000, 'SUP07', 30, TRUE),
('P016', 'Apel Fuji 1kg', 'Food', 'Fresh', 'Fruit', 25000, 33000, 'SUP08', 25, TRUE),
('P017', 'Jeruk Medan 1kg', 'Food', 'Fresh', 'Fruit', 18000, 24000, 'SUP08', 25, TRUE),
('P018', 'Anggur Merah 500g', 'Food', 'Fresh', 'Fruit', 17000, 24000, 'SUP08', 15, TRUE),
('P019', 'Pisang Cavendish 1kg', 'Food', 'Fresh', 'Fruit', 14000, 20000, 'SUP08', 30, TRUE),
('P020', 'Nugget Ayam 500g', 'Food', 'Frozen', 'Frozen Food', 18000, 25000, 'SUP09', 30, TRUE),
('P021', 'Sosis Ayam 500g', 'Food', 'Frozen', 'Frozen Food', 15000, 21000, 'SUP09', 30, TRUE),
('P022', 'Kentang Goreng Beku 1kg', 'Food', 'Frozen', 'Frozen Food', 20000, 28000, 'SUP09', 30, TRUE),
('P023', 'Ice Cream Vanilla 1L', 'Food', 'Frozen', 'Ice Cream', 23000, 32000, 'SUP10', 20, TRUE),
('P024', 'Ice Cream Coklat 1L', 'Food', 'Frozen', 'Ice Cream', 23000, 32000, 'SUP10', 20, TRUE),
('P025', 'Air Mineral 1.5L', 'Beverage', 'Water', 'Mineral', 3000, 4500, 'SUP11', 60, FALSE),
('P026', 'Teh Botol 350ml', 'Beverage', 'Tea', 'Ready to Drink', 2500, 4000, 'SUP11', 50, FALSE),
('P027', 'Kopi Kapal Api 1 pack', 'Beverage', 'Coffee', 'Ground Coffee', 13000, 17000, 'SUP12', 40, FALSE),
('P028', 'Good Day Sachet 10 pcs', 'Beverage', 'Coffee', 'Instant Coffee', 6000, 9000, 'SUP12', 50, FALSE),
('P029', 'Jus Kotak Mangga', 'Beverage', 'Juice', 'Boxed Juice', 3500, 5500, 'SUP11', 50, FALSE),
('P030', 'Jus Kotak Jambu', 'Beverage', 'Juice', 'Boxed Juice', 3500, 5500, 'SUP11', 50, FALSE),
('P031', 'Snack Potato Chips 60g', 'Food', 'Snacks', 'Chips', 3500, 5500, 'SUP13', 80, FALSE),
('P032', 'Snack Keripik Singkong', 'Food', 'Snacks', 'Chips', 3000, 5000, 'SUP13', 80, FALSE),
('P033', 'Wafer Coklat 10 pcs', 'Food', 'Snacks', 'Wafer', 4000, 7000, 'SUP13', 70, FALSE),
('P034', 'Biskuit Marie 1 pack', 'Food', 'Snacks', 'Biscuits', 4500, 7000, 'SUP13', 70, FALSE),
('P035', 'Coklat Batang 40g', 'Food', 'Snacks', 'Chocolate', 4500, 7500, 'SUP13', 60, FALSE),
('P036', 'Sampo Botol 250ml', 'Home', 'Cleaning', 'Shampoo', 9000, 13000, 'SUP14', 40, FALSE),
('P037', 'Sabun Mandi Cair 250ml', 'Home', 'Cleaning', 'Body Wash', 7000, 11000, 'SUP14', 50, FALSE),
('P038', 'Sabun Cuci Piring 800ml', 'Home', 'Cleaning', 'Dish Soap', 9000, 13000, 'SUP15', 60, FALSE),
('P039', 'Detergen Bubuk 1kg', 'Home', 'Cleaning', 'Laundry', 15000, 21000, 'SUP15', 50, FALSE),
('P040', 'Pewangi Pakaian 500ml', 'Home', 'Cleaning', 'Laundry', 12000, 17000, 'SUP15', 50, FALSE),
('P041', 'Tisu Wajah 1 box', 'Home', 'Tissue', 'Facial Tissue', 6000, 9000, 'SUP16', 50, FALSE),
('P042', 'Tisu Gulung 1 pack', 'Home', 'Tissue', 'Roll Tissue', 10000, 15000, 'SUP16', 50, FALSE),
('P043', 'Popok Bayi M20', 'Home', 'Baby', 'Diapers', 32000, 42000, 'SUP17', 40, FALSE),
('P044', 'Susu Formula Bayi 400g', 'Home', 'Baby', 'Baby Milk', 45000, 60000, 'SUP17', 30, TRUE),
('P045', 'Krim Pelembab 50g', 'Beauty', 'Skin Care', 'Moisturizer', 12000, 18000, 'SUP18', 30, FALSE),
('P046', 'Sabun Cuci Muka 100g', 'Beauty', 'Skin Care', 'Facial Wash', 9000, 14000, 'SUP18', 30, FALSE),
('P047', 'Body Lotion 200ml', 'Beauty', 'Skin Care', 'Body Lotion', 15000, 22000, 'SUP18', 25, FALSE),
('P048', 'Lip Balm', 'Beauty', 'Cosmetics', 'Lips', 8000, 13000, 'SUP19', 20, FALSE),
('P049', 'Hand Sanitizer 100ml', 'Health', 'Hygiene', 'Sanitizer', 7000, 12000, 'SUP19', 50, FALSE),
('P050', 'Masker Kain 1 pcs', 'Health', 'Hygiene', 'Mask', 3000, 5000, 'SUP19', 70, FALSE);

INSERT INTO inventory_movements 
(movement_id, product_code, branch_code, transaction_type, quantity, transaction_date, batch_number, expiry_date, unit_cost_at_time) VALUES
(1, 'P001', 'BR001', 'IN', 120, CURRENT_DATE - INTERVAL '60 days', 'B001', CURRENT_DATE + INTERVAL '20 days', 52000),
(2, 'P001', 'BR001', 'OUT', 80, CURRENT_DATE - INTERVAL '55 days', 'B001', NULL, 52000),
(3, 'P001', 'BR001', 'EXP', 5, CURRENT_DATE - INTERVAL '50 days', 'B001', CURRENT_DATE - INTERVAL '5 days', 52000),
(4, 'P003', 'BR004', 'IN', 150, CURRENT_DATE - INTERVAL '48 days', 'B002', CURRENT_DATE + INTERVAL '40 days', 12000),
(5, 'P003', 'BR004', 'OUT', 100, CURRENT_DATE - INTERVAL '45 days', 'B002', NULL, 12000),
(6, 'P007', 'BR010', 'IN', 200, CURRENT_DATE - INTERVAL '42 days', 'B003', CURRENT_DATE + INTERVAL '15 days', 12000),
(7, 'P007', 'BR010', 'OUT', 140, CURRENT_DATE - INTERVAL '39 days', 'B003', NULL, 12000),
(8, 'P009', 'BR015', 'IN', 180, CURRENT_DATE - INTERVAL '37 days', 'B004', CURRENT_DATE + INTERVAL '10 days', 21000),
(9, 'P009', 'BR015', 'OUT', 120, CURRENT_DATE - INTERVAL '35 days', 'B004', NULL, 21000),
(10, 'P012', 'BR020', 'IN', 130, CURRENT_DATE - INTERVAL '33 days', 'B005', CURRENT_DATE + INTERVAL '12 days', 30000),
(11, 'P012', 'BR020', 'OUT', 90, CURRENT_DATE - INTERVAL '30 days', 'B005', NULL, 30000),
(12, 'P020', 'BR025', 'IN', 160, CURRENT_DATE - INTERVAL '29 days', 'B006', CURRENT_DATE + INTERVAL '25 days', 18000),
(13, 'P020', 'BR025', 'OUT', 110, CURRENT_DATE - INTERVAL '27 days', 'B006', NULL, 18000),
(14, 'P021', 'BR030', 'IN', 200, CURRENT_DATE - INTERVAL '26 days', 'B007', CURRENT_DATE + INTERVAL '35 days', 15000),
(15, 'P021', 'BR030', 'OUT', 150, CURRENT_DATE - INTERVAL '24 days', 'B007', NULL, 15000),
(16, 'P024', 'BR035', 'IN', 140, CURRENT_DATE - INTERVAL '22 days', 'B008', CURRENT_DATE + INTERVAL '30 days', 23000),
(17, 'P024', 'BR035', 'OUT', 95, CURRENT_DATE - INTERVAL '20 days', 'B008', NULL, 23000),
(18, 'P029', 'BR040', 'IN', 180, CURRENT_DATE - INTERVAL '19 days', 'B009', CURRENT_DATE + INTERVAL '50 days', 3500),
(19, 'P029', 'BR040', 'OUT', 140, CURRENT_DATE - INTERVAL '17 days', 'B009', NULL, 3500),
(20, 'P033', 'BR045', 'IN', 220, CURRENT_DATE - INTERVAL '16 days', 'B010', CURRENT_DATE + INTERVAL '90 days', 4000),
(21, 'P033', 'BR045', 'OUT', 160, CURRENT_DATE - INTERVAL '14 days', 'B010', NULL, 4000),
(22, 'P040', 'BR050', 'IN', 130, CURRENT_DATE - INTERVAL '12 days', 'B011', CURRENT_DATE + INTERVAL '120 days', 15000),
(23, 'P040', 'BR050', 'OUT', 90, CURRENT_DATE - INTERVAL '10 days', 'B011', NULL, 15000),
(24, 'P005', 'BR006', 'IN', 210, CURRENT_DATE - INTERVAL '25 days', 'B012', NULL, 8000),
(25, 'P005', 'BR006', 'OUT', 150, CURRENT_DATE - INTERVAL '22 days', 'B012', NULL, 8000),
(26, 'P008', 'BR012', 'IN', 180, CURRENT_DATE - INTERVAL '30 days', 'B013', NULL, 4500),
(27, 'P008', 'BR012', 'OUT', 120, CURRENT_DATE - INTERVAL '28 days', 'B013', NULL, 4500),
(28, 'P014', 'BR018', 'IN', 240, CURRENT_DATE - INTERVAL '18 days', 'B014', CURRENT_DATE + INTERVAL '7 days', 4000),
(29, 'P014', 'BR018', 'OUT', 150, CURRENT_DATE - INTERVAL '15 days', 'B014', NULL, 4000),
(30, 'P016', 'BR022', 'IN', 150, CURRENT_DATE - INTERVAL '14 days', 'B015', CURRENT_DATE + INTERVAL '5 days', 25000),
(31, 'P016', 'BR022', 'OUT', 80, CURRENT_DATE - INTERVAL '12 days', 'B015', NULL, 25000),
(32, 'P027', 'BR028', 'IN', 170, CURRENT_DATE - INTERVAL '20 days', 'B016', NULL, 13000),
(33, 'P027', 'BR028', 'OUT', 120, CURRENT_DATE - INTERVAL '17 days', 'B016', NULL, 13000),
(34, 'P036', 'BR033', 'IN', 200, CURRENT_DATE - INTERVAL '15 days', 'B017', NULL, 9000),
(35, 'P036', 'BR033', 'OUT', 140, CURRENT_DATE - INTERVAL '12 days', 'B017', NULL, 9000),
(36, 'P038', 'BR041', 'IN', 180, CURRENT_DATE - INTERVAL '10 days', 'B018', NULL, 9000),
(37, 'P038', 'BR041', 'OUT', 120, CURRENT_DATE - INTERVAL '8 days', 'B018', NULL, 9000),
(38, 'P042', 'BR009', 'IN', 160, CURRENT_DATE - INTERVAL '40 days', 'B019', NULL, 10000),
(39, 'P042', 'BR009', 'OUT', 110, CURRENT_DATE - INTERVAL '36 days', 'B019', NULL, 10000),
(40, 'P048', 'BR014', 'IN', 140, CURRENT_DATE - INTERVAL '30 days', 'B020', NULL, 8000),
(41, 'P048', 'BR014', 'OUT', 90, CURRENT_DATE - INTERVAL '26 days', 'B020', NULL, 8000),
(42, 'P050', 'BR019', 'IN', 190, CURRENT_DATE - INTERVAL '22 days', 'B021', NULL, 3000),
(43, 'P050', 'BR019', 'OUT', 130, CURRENT_DATE - INTERVAL '19 days', 'B021', NULL, 3000),
(44, 'P018', 'BR025', 'IN', 120, CURRENT_DATE - INTERVAL '50 days', 'B022', CURRENT_DATE + INTERVAL '10 days', 17000),
(45, 'P018', 'BR025', 'OUT', 85, CURRENT_DATE - INTERVAL '46 days', 'B022', NULL, 17000),
(46, 'P031', 'BR032', 'IN', 210, CURRENT_DATE - INTERVAL '12 days', 'B023', NULL, 3500),
(47, 'P031', 'BR032', 'OUT', 160, CURRENT_DATE - INTERVAL '9 days', 'B023', NULL, 3500),
(48, 'P015', 'BR037', 'IN', 180, CURRENT_DATE - INTERVAL '27 days', 'B024', CURRENT_DATE + INTERVAL '25 days', 8000),
(49, 'P015', 'BR037', 'OUT', 130, CURRENT_DATE - INTERVAL '24 days', 'B024', NULL, 8000),
(50, 'P023', 'BR046', 'IN', 140, CURRENT_DATE - INTERVAL '11 days', 'B025', NULL, 23000);

INSERT INTO sales_transactions
(transaction_id, branch_code, staff_id, transaction_date, total_amount, payment_method)
VALUES
('T001', 'BR001', 'ST002', CURRENT_DATE - INTERVAL '2 years', 152000, 'CASH'),
('T002', 'BR002', 'ST004', CURRENT_DATE - INTERVAL '54 days', 98000, 'QRIS'),
('T003', 'BR003', 'ST005', CURRENT_DATE - INTERVAL '2 years', 215000, 'DEBIT'),
('T004', 'BR004', 'ST008', CURRENT_DATE - INTERVAL '52 days', 74000, 'E-WALLET'),
('T005', 'BR005', 'ST011', CURRENT_DATE - INTERVAL '2 years', 186000, 'CASH'),
('T006', 'BR006', 'ST013', CURRENT_DATE - INTERVAL '2 years', 134000, 'QRIS'),
('T007', 'BR007', 'ST015', CURRENT_DATE - INTERVAL '49 days', 91000, 'CASH'),
('T008', 'BR008', 'ST017', CURRENT_DATE - INTERVAL '48 days', 167000, 'DEBIT'),
('T009', 'BR009', 'ST018', CURRENT_DATE - INTERVAL '47 days', 78000, 'E-WALLET'),
('T010', 'BR010', 'ST020', CURRENT_DATE - INTERVAL '2 years', 142000, 'QRIS'),
('T011', 'BR011', 'ST023', CURRENT_DATE - INTERVAL '45 days', 220000, 'CASH'),
('T012', 'BR012', 'ST026', CURRENT_DATE - INTERVAL '2 years', 134500, 'DEBIT'),
('T013', 'BR013', 'ST028', CURRENT_DATE - INTERVAL '43 days', 176000, 'QRIS'),
('T014', 'BR014', 'ST029', CURRENT_DATE - INTERVAL '2 years', 89000, 'CASH'),
('T015', 'BR015', 'ST031', CURRENT_DATE - INTERVAL '41 days', 192000, 'E-WALLET'),
('T016', 'BR016', 'ST034', CURRENT_DATE - INTERVAL '2 years', 164000, 'CASH'),
('T017', 'BR017', 'ST036', CURRENT_DATE - INTERVAL '39 days', 98000, 'QRIS'),
('T018', 'BR018', 'ST037', CURRENT_DATE - INTERVAL '2 years', 238000, 'DEBIT'),
('T019', 'BR019', 'ST040', CURRENT_DATE - INTERVAL '37 days', 76000, 'QRIS'),
('T020', 'BR020', 'ST042', CURRENT_DATE - INTERVAL '2 years', 134000, 'CASH'),
('T021', 'BR021', 'ST044', CURRENT_DATE - INTERVAL '35 days', 187000, 'E-WALLET'),
('T022', 'BR022', 'ST046', CURRENT_DATE - INTERVAL '34 days', 178000, 'QRIS'),
('T023', 'BR023', 'ST048', CURRENT_DATE - INTERVAL '2 years', 211000, 'CASH'),
('T024', 'BR024', 'ST050', CURRENT_DATE - INTERVAL '32 days', 97000, 'DEBIT'),
('T025', 'BR025', 'ST015', CURRENT_DATE - INTERVAL '31 days', 155000, 'QRIS'),
('T026', 'BR026', 'ST002', CURRENT_DATE - INTERVAL '30 days', 124000, 'CASH'),
('T027', 'BR027', 'ST004', CURRENT_DATE - INTERVAL '29 days', 230000, 'DEBIT'),
('T028', 'BR028', 'ST032', CURRENT_DATE - INTERVAL '2 years', 76000, 'QRIS'),
('T029', 'BR029', 'ST007', CURRENT_DATE - INTERVAL '2 years', 182000, 'CASH'),
('T030', 'BR030', 'ST021', CURRENT_DATE - INTERVAL '26 days', 101000, 'QRIS'),
('T031', 'BR031', 'ST014', CURRENT_DATE - INTERVAL '2 years', 87000, 'E-WALLET'),
('T032', 'BR032', 'ST046', CURRENT_DATE - INTERVAL '24 days', 168000, 'DEBIT'),
('T033', 'BR033', 'ST034', CURRENT_DATE - INTERVAL '23 days', 199000, 'CASH'),
('T034', 'BR034', 'ST027', CURRENT_DATE - INTERVAL '2 years', 110000, 'QRIS'),
('T035', 'BR035', 'ST037', CURRENT_DATE - INTERVAL '2 years', 245000, 'CASH'),
('T036', 'BR036', 'ST039', CURRENT_DATE - INTERVAL '2 years', 156000, 'DEBIT'),
('T037', 'BR037', 'ST035', CURRENT_DATE - INTERVAL '2 years', 78000, 'E-WALLET'),
('T038', 'BR038', 'ST017', CURRENT_DATE - INTERVAL '18 days', 184000, 'CASH'),
('T039', 'BR039', 'ST020', CURRENT_DATE - INTERVAL '17 days', 152000, 'QRIS'),
('T040', 'BR040', 'ST042', CURRENT_DATE - INTERVAL '16 days', 92000, 'CASH'),
('T041', 'BR041', 'ST038', CURRENT_DATE - INTERVAL '15 days', 220000, 'DEBIT'),
('T042', 'BR042', 'ST032', CURRENT_DATE - INTERVAL '14 days', 134000, 'CASH'),
('T043', 'BR043', 'ST031', CURRENT_DATE - INTERVAL '13 days', 178000, 'QRIS'),
('T044', 'BR044', 'ST024', CURRENT_DATE - INTERVAL '12 days', 145000, 'QRIS'),
('T045', 'BR045', 'ST045', CURRENT_DATE - INTERVAL '11 days', 167000, 'CASH'),
('T046', 'BR046', 'ST048', CURRENT_DATE - INTERVAL '10 days', 198000, 'DEBIT'),
('T047', 'BR047', 'ST047', CURRENT_DATE - INTERVAL '9 days', 82000, 'QRIS'),
('T048', 'BR048', 'ST044', CURRENT_DATE - INTERVAL '8 days', 99000, 'CASH'),
('T049', 'BR049', 'ST001', CURRENT_DATE - INTERVAL '7 days', 230000, 'DEBIT'),
('T050', 'BR050', 'ST040', CURRENT_DATE - INTERVAL '6 days', 158000, 'CASH');

INSERT INTO sales_line_items
(transaction_id, line_number, product_code, quantity, unit_price_at_time, discount_percentage, total_line_amount) VALUES
('T001', 1, 'P003', 2, 15500, 0.00, 31000.00),
('T001', 2, 'P031', 3, 5500, 10.00, 14850.00),
('T002', 1, 'P014', 2, 7000, 0.00, 14000.00),
('T002', 2, 'P026', 4, 4000, 0.00, 16000.00),
('T003', 1, 'P001', 1, 68000, 0.00, 68000.00),
('T003', 2, 'P007', 2, 17000, 5.00, 32300.00),
('T003', 3, 'P031', 5, 5500, 0.00, 27500.00),
('T004', 1, 'P026', 2, 4000, 12.00, 7040.00),
('T004', 2, 'P033', 4, 7000, 0.00, 28000.00),
('T005', 1, 'P003', 3, 15500, 0.00, 46500.00),
('T005', 2, 'P009', 2, 26000, 3.00, 50360.00),
('T005', 3, 'P026', 4, 4000, 0.00, 16000.00),
('T006', 1, 'P005', 3, 11000, 0.00, 33000.00),
('T006', 2, 'P008', 4, 6500, 10.00, 23400.00),
('T007', 1, 'P015', 3, 11000, 0.00, 33000.00),
('T007', 2, 'P031', 4, 5500, 0.00, 22000.00),
('T008', 1, 'P007', 3, 17000, 0.00, 51000.00),
('T008', 2, 'P029', 4, 5500, 0.00, 22000.00),
('T009', 1, 'P014', 3, 7000, 0.00, 21000.00),
('T009', 2, 'P026', 4, 4000, 0.00, 16000.00),
('T010', 1, 'P003', 2, 15500, 0.00, 31000.00),
('T010', 2, 'P031', 3, 5500, 8.00, 15180.00),
('T010', 3, 'P036', 1, 13000, 0.00, 13000.00),
('T011', 1, 'P001', 2, 68000, 0.00, 136000.00),
('T011', 2, 'P007', 2, 17000, 5.00, 32300.00),
('T011', 3, 'P031', 3, 5500, 0.00, 16500.00),
('T012', 1, 'P026', 3, 4000, 0.00, 12000.00),
('T012', 2, 'P033', 2, 7000, 10.00, 12600.00),
('T012', 3, 'P041', 2, 9000, 0.00, 18000.00),
('T013', 1, 'P033', 3, 7000, 0.00, 21000.00),
('T013', 2, 'P031', 4, 5500, 0.00, 22000.00),
('T013', 3, 'P028', 4, 9000, 12.00, 31680.00),
('T014', 1, 'P048', 3, 13000, 0.00, 39000.00),
('T014', 2, 'P031', 3, 5500, 0.00, 16500.00),
('T015', 1, 'P003', 3, 15500, 0.00, 46500.00),
('T015', 2, 'P009', 2, 26000, 0.00, 52000.00),
('T015', 3, 'P026', 2, 4000, 10.00, 7200.00),
('T016', 1, 'P027', 2, 17000, 5.00, 32300.00),
('T016', 2, 'P033', 3, 7000, 0.00, 21000.00),
('T016', 3, 'P036', 2, 13000, 0.00, 26000.00),
('T017', 1, 'P031', 4, 5500, 0.00, 22000.00),
('T017', 2, 'P033', 4, 7000, 15.00, 23800.00),
('T018', 1, 'P020', 2, 25000, 0.00, 50000.00),
('T018', 2, 'P007', 3, 17000, 0.00, 51000.00),
('T018', 3, 'P031', 4, 5500, 10.00, 19800.00),
('T019', 1, 'P014', 3, 7000, 0.00, 21000.00),
('T019', 2, 'P026', 4, 4000, 0.00, 16000.00),
('T020', 1, 'P012', 2, 36000, 0.00, 72000.00),
('T020', 2, 'P033', 3, 7000, 0.00, 21000.00);
